CAT,LSP,AA,AB,BB,ALL,AA (Common),AB (Common),BB (Common),ALL (Common),AA (Same Flavour),AB (Same Flavour),BB (Same Flavour),ALL (Same Flavour)
L L E,['B'],{'llllX'},-,-,{'llllX'},llllX,-,-,llllX,['llllX'],-,-,['llllX']
L L E,"['W^+', 'W^0']","{'jjjjllllX', 'tbjjllllX', 'ttbbllllX', 'vvLllllX', 'jjLllllX', 'llX', 'tbLllllX', 'vvjjllllX', 'LlllX', 'llllll', 'jjlllX', 'tblllX', 'vvvvllllX', 'vvtbllllX', 'LLllllX', 'vvlllX'}","{'jjjjllllX', 'lllX', 'bbLllllX', 'jjllllllX', 'jjllllX', 'vvvvllllX', 'LLlllX', 'bblllX', 'vv33llllX', 'tbllllllX', '33jjllllX', 'jjTTllllX', 'vvllllX', 'LLLllllX', 'tbTTllllX', 'vvjjllllX', 'tbllllX', 'ttlllX', 'vvllllllX', 'tttbllllX', 'jjlllX', 'ttLllllX', 'vvLllllX', 'jjLllllX', 'vvTTllllX', 'tbbbllllX', 'vvlllX'}","{'jjjjllllX', 'bbjjllllX', 'jjllllllX', 'ttllllllX', 'jjllllX', 'vvvvllllX', 'jjTTllllX', 'llllX', 'vvllllX', 'bbllllllX', 'TTTTllllX', 'bbbbllllX', 'bbTTllllX', 'vvjjllllX', 'bbllllX', 'ttllllX', 'ttTTllllX', 'TTllllllX', 'ttjjllllX', 'vvllllllX', 'ttbbllllX', 'llllllX', 'ttttllllX', 'TTllllX', 'vvttllllX', 'vvTTllllX', 'llllllllX', 'vvbbllllX'}","{'jjjjllllX', 'lllX', 'jjllllllX', 'jjllllX', '33llllX', '33jjllllX', 'LLlllX', 'vvvvllllX', 'vv33llllX', '33lllX', 'jjTTllllX', 'vvllllX', 'LLLllllX', '3333llllX', 'TTTTllllX', 'vvjjllllX', 'llllll', '33llllllX', 'TTllllllX', '33LllllX', 'vvllllllX', 'LlllX', 'jjlllX', 'llX', 'vvLllllX', 'vvTTllllX', 'jjLllllX', 'llllllllX', '33TTllllX', 'LLllllX', 'vvlllX'}",ll,lllX,llllX,ll,"['jjLllllX', 'tbLllllX', 'jjvvllllX', 'tbvvllllX', 'llllll', 'jjlllX', 'tblllX', 'LlllX', 'vvvvllllX', 'LLllllX', 'jjjjllllX', 'tbjjllllX', 'ttbbllllX', 'vvLllllX', 'vvlllX', 'llX']","['(JJ)LllllX', '(JJ)vvllllX', 'LLlllX', 'lllX', '(JJ)lllX', 'vvvvllllX', 'jjllllllX', 'tbllllllX', 'jjTTllllX', 'tbTTllllX', 'vvlllX', '(LL)vvllllX', 'jjjjllllX', '33jjllllX', 'tttbllllX', 'tbbbllllX', 'jjllllX', 'tbllllX', 'vvLllllX', 'LLLllllX', 'vvllllX']","['(JJ)vvllllX', 'vvvvllllX', 'llllX', 'jjllllllX', 'ttllllllX', 'jjTTllllX', 'bbllllllX', 'bbTTllllX', 'ttTTllllX', '(LL)llllX', '(LL)vvllllX', 'jjjjllllX', 'bbjjllllX', 'bbbbllllX', 'ttjjllllX', 'ttbbllllX', 'ttttllllX', '(JJ)llllX', 'vvllllX', 'TTTTllllX', 'TTllllllX', 'llllllllX']","['LLlllX', 'llllll', 'lllX', '(LL)vvllllX', '(JJ)llllX', 'vvllllX', 'LLLllllX', 'llX', '(JJ)vvllllX', '(JJ)lllX', 'LlllX', 'jjjjllllX', '33jjllllX', '3333llllX', 'vvlllX', 'TTTTllllX', 'TTllllllX', 'llllllllX', 'jjllllllX', 'jjTTllllX', '33llllllX', '33TTllllX', '(JJ)LllllX', 'vvvvllllX', 'LLllllX', 'vvLllllX']"
L L E,['G'],"{'jjjjllllX', 'tbjjllllll', 'tttblllllX', '33jjllllX', 'ttbbllX', 'tbjjllX', 'ttbbllllll', 'tbbblllX', 'jjjjllllll', 'bbbbllllX', '33jjlllX', 'jjjjlllX', 'jjjjllX', '33jjlllllX', 'tttblllX', 'jjjjlllllX', 'tbbblllllX', 'ttbbllllX', 'ttttllllX'}",-,-,"{'jjjjllllX', 'tbjjllllll', 'tttblllllX', '33jjllllX', 'ttbbllX', 'tbjjllX', 'ttbbllllll', 'tbbblllX', 'jjjjllllll', 'bbbbllllX', '33jjlllX', 'jjjjlllX', 'jjjjllX', '33jjlllllX', 'tttblllX', 'jjjjlllllX', 'tbbblllllX', 'ttbbllllX', 'ttttllllX'}",ll,-,-,ll,"['tbjjllllll', 'ttbbllllll', 'jjjjllllll', 'jjjjllllX', '33jjllllX', 'bbbbllllX', 'ttbbllllX', 'ttttllllX', 'ttbbllX', 'tbjjllX', 'jjjjllX', 'tbbblllX', '33jjlllX', 'jjjjlllX', 'tttblllX', 'tttblllllX', '33jjlllllX', 'jjjjlllllX', 'tbbblllllX']",-,-,"['tbjjllllll', 'ttbbllllll', 'jjjjllllll', 'jjjjllllX', '33jjllllX', 'bbbbllllX', 'ttbbllllX', 'ttttllllX', 'ttbbllX', 'tbjjllX', 'jjjjllX', 'tbbblllX', '33jjlllX', 'jjjjlllX', 'tttblllX', 'tttblllllX', '33jjlllllX', 'jjjjlllllX', 'tbbblllllX']"
L L E,"['H^+', 'H^0']","{'vvllX', 'vvllllll', 'vvlllllX', 'vvllllX', 'vvlllX'}","{'vvllX', 'vvllllll', 'vvlllllX', 'vvllllX', 'vvlllX'}","{'vvllX', 'vvllllll', 'vvlllllX', 'vvllllX', 'vvlllX'}","{'vvllX', 'vvllllll', 'vvlllllX', 'vvllllX', 'vvlllX'}",llvv,llvv,llvv,llvv,"['vvllX', 'vvllllll', 'vvlllllX', 'vvlllX', 'vvllllX']","['vvllX', 'vvllllll', 'vvlllllX', 'vvlllX', 'vvllllX']","['vvllX', 'vvllllll', 'vvlllllX', 'vvlllX', 'vvllllX']","['vvllX', 'vvllllll', 'vvlllllX', 'vvlllX', 'vvllllX']"
L L E,['q'],"{'jjllllll', 'jjlllllX', 'jjllllX', 'jjlllX', 'jjllX'}",-,-,"{'jjllllll', 'jjlllllX', 'jjllllX', 'jjlllX', 'jjllX'}",lljj,-,-,lljj,"['jjlllllX', 'jjlllX', 'jjllX', 'jjllllX', 'jjllllll']",-,-,"['jjlllllX', 'jjlllX', 'jjllX', 'jjllllX', 'jjllllll']"
L L E,['d'],{'jjllllX'},-,-,{'jjllllX'},lllljjX,-,-,lllljjX,['jjllllX'],-,-,['jjllllX']
L L E,['u'],{'jjllllX'},-,-,{'jjllllX'},lllljjX,-,-,lllljjX,['jjllllX'],-,-,['jjllllX']
L L E,"['l', 'nu']","{'llllllX', 'llllX', 'llX'}","{'lllX', 'lllllX'}","{'llll', 'llllX'}","{'lllX', 'lllllX', 'llll', 'llllllX', 'llllX', 'llX'}",llX,lllX,llll,ll,"['llllX', 'llX', 'llllllX']","['lllX', 'lllllX']","['llllX', 'llll']","['lllllX', 'lllX', 'llllX', 'llllllX', 'llll', 'llX']"
L L E,['e'],"{'llllllX', 'llllX', 'llX'}",-,-,"{'llllllX', 'llllX', 'llX'}",llX,-,-,llX,"['llllX', 'llX', 'llllllX']",-,-,"['llllX', 'llX', 'llllllX']"
L L E,"['b_L', 't_L']","{'ttllllll', 'ttllX', 'tblllllX', 'tblllX', 'bbllllX', 'ttllllX'}","{'bblllllX', 'ttlllX', 'tbllX', 'ttlllllX', 'bblllX', 'tbllllll', 'tbllllX'}","{'bbllX', 'tblllllX', 'bbllllll', 'tblllX', 'bbllllX', 'ttllllX'}","{'33llX', '33llllll', '33lllllX', '33llllX', '33lllX'}",ll,ll,ll,ll,"['tblllllX', 'tblllX', 'ttllX', 'bbllllX', 'ttllllX', 'ttllllll']","['bblllllX', 'ttlllllX', 'ttlllX', 'bblllX', 'tbllX', 'tbllllX', 'tbllllll']","['tblllllX', 'tblllX', 'bbllX', 'bbllllX', 'ttllllX', 'bbllllll']","['33lllllX', '33lllX', '33llX', '33llllX', '33llllll']"
L L E,['t'],{'ttllllX'},-,-,{'ttllllX'},llllttX,-,-,llllttX,['ttllllX'],-,-,['ttllllX']
L L E,['b'],{'bbllllX'},-,-,{'bbllllX'},llllXbb,-,-,llllXbb,['bbllllX'],-,-,['bbllllX']
L L E,"['tau_L', 'nu_tau']","{'LlllX', 'LLllllX', 'llX'}","{'LllX', 'LLlllX', 'LTlllllX'}","{'LTllllX', 'TTllllll', 'LLllX'}","{'TTllllll', 'LTlllllX', 'LllX', 'LLlllX', 'LLllllX', 'LLllX', 'llX'}",llX,llX,ll,ll,"['LlllX', 'llX', 'LLllllX']","['LllX', 'LLlllX', 'LTlllllX']","['TTllllll', 'LLllX', 'LTllllX']","['LLlllX', 'TTllllll', 'LllX', 'LLllX', 'LLllllX', 'LTlllllX', 'llX']"
L L E,['tau'],{'TTllllX'},-,-,{'TTllllX'},llllTTX,-,-,llllTTX,['TTllllX'],-,-,['TTllllX']
L_3 L E,['B'],{'LLllX'},-,-,{'LLllX'},llX,-,-,llX,['LLllX'],-,-,['LLllX']
L_3 L E,"['W^+', 'W^0']","{'jjLLLllX', 'vvjjLLllX', 'jjjjLLllX', 'vvLLLllX', 'tbLLLllX', 'vvvvLLllX', 'tbLllX', 'LLLLllX', 'ttbbLLllX', 'tbjjLLllX', 'jjLllX', 'vvLllX', 'llX', 'LLllX', 'TTllll', 'vvtbLLllX'}","{'jjLLLLllX', 'vvLLLllX', 'vvLLLLllX', 'jjLLLllX', 'bbLllX', 'tbbbLLllX', 'tbLLllX', 'ttLllX', 'vvLllX', 'tttbLLllX', 'vvLLllX', 'vvjjLLllX', 'ttLLLllX', 'LllX', 'LLLLLllX', 'jjLllX', '33jjLLllX', 'jjLLllX', 'LLLllX', 'jjjjLLllX', 'vv33LLllX', 'bbLLLllX', 'vvvvLLllX', 'tbLLLLllX'}","{'jjLLLLllX', 'vvttLLllX', 'vvLLLLllX', 'bbjjLLllX', 'ttjjLLllX', 'ttbbLLllX', 'vvbbLLllX', 'vvLLllX', 'vvjjLLllX', 'ttttLLllX', 'LLLLLLllX', 'jjLLllX', 'bbLLLLllX', 'ttLLllX', 'bbLLllX', 'bbbbLLllX', 'jjjjLLllX', 'vvvvLLllX', 'LLLLllX', 'LLllX', 'ttLLLLllX'}","{'jjLLLLllX', 'vvLLLllX', 'vvLLLLllX', '33LLLLllX', 'jjLLLllX', 'vvLllX', 'vvLLllX', '33LllX', 'vvjjLLllX', 'LLLLLLllX', 'LllX', 'LLLLLllX', 'jjLllX', '33jjLLllX', '3333LLllX', 'jjLLllX', '33LLLllX', 'TTllll', 'llX', 'LLLllX', 'jjjjLLllX', 'vv33LLllX', '33LLllX', 'vvvvLLllX', 'LLLLllX', 'LLllX'}",ll,llX,llX,ll,"['jjLLLllX', 'tbLLLllX', 'jjvvLLllX', 'tbvvLLllX', 'TTllll', 'tbLllX', 'jjLllX', 'vvvvLLllX', 'LLllX', 'LLLLllX', 'jjjjLLllX', 'ttbbLLllX', 'tbjjLLllX', 'vvLLLllX', 'vvLllX', 'llX']","['(JJ)LLLllX', '(JJ)vvLLllX', 'LLLllX', 'LllX', '(JJ)LllX', 'vvvvLLllX', 'jjLLLLllX', 'tbLLLLllX', 'vvLllX', 'vvLLLLllX', 'tbbbLLllX', 'tttbLLllX', '33jjLLllX', 'jjjjLLllX', 'tbLLllX', 'jjLLllX', 'LLLLLllX', 'vvLLllX', 'vvLLLllX']","['(JJ)vvLLllX', 'vvvvLLllX', 'LLllX', '(JJ)LLLLllX', 'LLLLllX', 'vvLLLLllX', 'bbjjLLllX', 'ttjjLLllX', 'ttbbLLllX', 'ttttLLllX', 'bbbbLLllX', 'jjjjLLllX', '(JJ)LLllX', 'vvLLllX', 'LLLLLLllX']","['LLLllX', 'TTllll', 'LllX', 'vvLLLLllX', '(JJ)LLllX', 'vvLLllX', 'LLLLLllX', 'llX', '(JJ)vvLLllX', '(JJ)LllX', 'LLllX', '33jjLLllX', '3333LLllX', 'jjjjLLllX', 'vvLllX', 'LLLLLLllX', '(JJ)LLLLllX', '(JJ)LLLllX', 'vvvvLLllX', 'LLLLllX', 'vvLLLllX']"
L_3 L E,['G'],"{'tttbLllX', '33jjLTlllX', 'bbjjLLllX', 'jjjjLllX', 'tttbLTlllX', 'ttbbllX', 'tbjjllX', 'ttjjLLllX', '33jjTlllX', 'ttbbTTllll', 'ttbbLLllX', 'tbbbLllX', 'jjjjTTllll', 'jjjjllX', 'ttttLLllX', 'tbbbLTlllX', '33jjLllX', 'bbbbLLllX', 'jjjjLLllX', 'jjjjLTlllX', 'tbjjTTllll'}",-,-,"{'tttbLllX', '33jjLTlllX', 'bbjjLLllX', 'jjjjLllX', 'tttbLTlllX', 'ttbbllX', 'tbjjllX', 'ttjjLLllX', '33jjTlllX', 'ttbbTTllll', 'ttbbLLllX', 'tbbbLllX', 'jjjjTTllll', 'jjjjllX', 'ttttLLllX', 'tbbbLTlllX', '33jjLllX', 'bbbbLLllX', 'jjjjLLllX', 'jjjjLTlllX', 'tbjjTTllll'}",ll,-,-,ll,"['ttbbTTllll', 'jjjjTTllll', 'tbjjTTllll', 'bbjjLLllX', 'ttjjLLllX', '33jjTlllX', 'ttbbLLllX', 'ttttLLllX', 'bbbbLLllX', 'jjjjLLllX', 'ttbbllX', 'tbjjllX', 'jjjjllX', 'tttbLllX', 'jjjjLllX', 'tbbbLllX', '33jjLllX', '33jjLTlllX', 'tttbLTlllX', 'tbbbLTlllX', 'jjjjLTlllX']",-,-,"['ttbbTTllll', 'jjjjTTllll', 'tbjjTTllll', 'bbjjLLllX', 'ttjjLLllX', '33jjTlllX', 'ttbbLLllX', 'ttttLLllX', 'bbbbLLllX', 'jjjjLLllX', 'ttbbllX', 'tbjjllX', 'jjjjllX', 'tttbLllX', 'jjjjLllX', 'tbbbLllX', '33jjLllX', '33jjLTlllX', 'tttbLTlllX', 'tbbbLTlllX', 'jjjjLTlllX']"
L_3 L E,"['H^+', 'H^0']","{'vvLLllX', 'vvTTllll', 'vvLllX', 'vvllX', 'vvLTlllX'}","{'vvLLllX', 'vvTTllll', 'vvLllX', 'vvllX', 'vvLTlllX'}","{'vvLLllX', 'vvTTllll', 'vvLllX', 'vvllX', 'vvLTlllX'}","{'vvLLllX', 'vvTTllll', 'vvLllX', 'vvllX', 'vvLTlllX'}",llvv,llvv,llvv,llvv,"['vvllX', 'vvTTllll', 'vvLllX', 'vvLTlllX', 'vvLLllX']","['vvllX', 'vvTTllll', 'vvLllX', 'vvLTlllX', 'vvLLllX']","['vvllX', 'vvTTllll', 'vvLllX', 'vvLTlllX', 'vvLLllX']","['vvllX', 'vvTTllll', 'vvLllX', 'vvLTlllX', 'vvLLllX']"
L_3 L E,['q'],"{'jjTTllll', 'jjLllX', 'jjLLllX', 'jjLTlllX', 'jjllX'}",-,-,"{'jjTTllll', 'jjLllX', 'jjLLllX', 'jjLTlllX', 'jjllX'}",lljj,-,-,lljj,"['jjLTlllX', 'jjLllX', 'jjllX', 'jjLLllX', 'jjTTllll']",-,-,"['jjLTlllX', 'jjLllX', 'jjllX', 'jjLLllX', 'jjTTllll']"
L_3 L E,['d'],{'jjLLllX'},-,-,{'jjLLllX'},lljjX,-,-,lljjX,['jjLLllX'],-,-,['jjLLllX']
L_3 L E,['u'],{'jjLLllX'},-,-,{'jjLLllX'},lljjX,-,-,lljjX,['jjLLllX'],-,-,['jjLLllX']
L_3 L E,"['l', 'nu']","{'LlllX', 'LLllllX', 'llX'}","{'LllX', 'LLlllX', 'LTlllllX'}","{'LTllllX', 'TTllllll', 'LLllX', 'TTll', 'TTllll'}","{'TTllllll', 'LTlllllX', 'LllX', 'LLlllX', 'LLllllX', 'LLllX', 'TTll', 'TTllll', 'llX'}",llX,llX,ll,ll,"['LlllX', 'llX', 'LLllllX']","['LllX', 'LLlllX', 'LTlllllX']","['TTllll', 'TTllllll', 'LLllX', 'LTllllX', 'TTll']","['LLlllX', 'TTllll', 'TTllllll', 'LllX', 'LLllX', 'LLllllX', 'TTll', 'LTlllllX', 'llX']"
L_3 L E,['e'],"{'LLllllX', 'LLX', 'LLllX'}",-,-,"{'LLllllX', 'LLX', 'LLllX'}",X,-,-,X,"['LLllX', 'LLX', 'LLllllX']",-,-,"['LLllX', 'LLX', 'LLllllX']"
L_3 L E,"['b_L', 't_L']","{'bbLLllX', 'ttTlllX', 'ttllX', 'ttTTllll', 'tbLllX', 'tbLTlllX'}","{'bbLllX', 'bbLTlllX', 'tbLLllX', 'tbllX', 'ttLllX', 'tbTTllll', 'ttLTlllX'}","{'bbllX', 'bbTTllll', 'tbLllX', 'tbLTlllX', 'bbTlllX', 'ttLLllX'}","{'33LllX', '33llX', '33LTlllX', '33TTllll', '33LLllX'}",ll,ll,ll,ll,"['tbLTlllX', 'tbLllX', 'ttllX', 'bbLLllX', 'ttTlllX', 'ttTTllll']","['bbLTlllX', 'ttLTlllX', 'bbLllX', 'ttLllX', 'tbllX', 'tbLLllX', 'tbTTllll']","['tbLTlllX', 'tbLllX', 'bbllX', 'bbTlllX', 'ttLLllX', 'bbTTllll']","['33LTlllX', '33LllX', '33llX', '33LLllX', '33TTllll']"
L_3 L E,['t'],{'ttLLllX'},-,-,{'ttLLllX'},llttX,-,-,llttX,['ttLLllX'],-,-,['ttLLllX']
L_3 L E,['b'],{'bbLLllX'},-,-,{'bbLLllX'},llXbb,-,-,llXbb,['bbLLllX'],-,-,['bbLLllX']
L_3 L E,"['tau_L', 'nu_tau']","{'LLTTllX', 'LTllX', 'llX'}","{'LllX', 'LTTTlllX', 'LLTllX'}","{'LLllX', 'llll', 'TTTTllll', 'LTTlllX', 'TTllll'}","{'LTTTlllX', 'LllX', 'LLTTllX', 'LLTllX', 'LLllX', 'llll', 'TTTTllll', 'TTllll', 'llX'}",llX,llX,ll,ll,"['LTllX', 'llX', 'LLTTllX']","['LllX', 'LLTllX', 'LTTTlllX']","['TTllll', 'TTTTllll', 'LLllX', 'LTTlllX', 'llll']","['LLTllX', 'TTllll', 'LllX', 'LLllX', 'TTTTllll', 'LLTTllX', 'llll', 'LTTTlllX', 'llX']"
L_3 L E,['tau'],{'LLTTllX'},-,-,{'LLTTllX'},llTTX,-,-,llTTX,['LLTTllX'],-,-,['LLTTllX']
L L E_3,['B'],{'TTllX'},-,-,{'TTllX'},llTTX,-,-,llTTX,['TTllX'],-,-,['TTllX']
L L E_3,"['W^+', 'W^0']","{'vvLTTllX', 'LTTlX', 'vvvvTTllX', 'tbTTlX', 'TTX', 'tbjjTTllX', 'jjjjTTllX', 'ttbbTTllX', 'vvtbTTllX', 'LLTTllX', 'vvTTlX', 'vvjjTTllX', 'jjTTlX', 'jjLTTllX', 'TTllll', 'tbLTTllX'}","{'vvvvTTllX', 'vvTTllX', 'vvjjTTllX', 'bbTTlX', 'tbTTTTllX', 'jjTTllllX', 'LLTTlX', 'tbbbTTllX', '33jjTTllX', 'bbLTTllX', 'tbTTllX', 'jjTTllX', 'jjjjTTllX', 'tbTTllllX', 'vvTTlX', 'tttbTTllX', 'jjLTTllX', 'vv33TTllX', 'LLLTTllX', 'ttLTTllX', 'vvLTTllX', 'jjTTlX', 'TTlX', 'ttTTlX', 'vvTTllllX', 'jjTTTTllX', 'vvTTTTllX'}","{'vvvvTTllX', 'ttjjTTllX', 'vvTTllX', 'vvbbTTllX', 'vvjjTTllX', 'TTTTllX', 'ttTTTTllX', 'bbjjTTllX', 'jjTTllllX', 'bbbbTTllX', 'ttttTTllX', 'jjTTllX', 'jjjjTTllX', 'TTTTllllX', 'bbTTllllX', 'bbTTTTllX', 'ttTTllllX', 'ttTTllX', 'TTllllllX', 'ttbbTTllX', 'TTTTTTllX', 'bbTTllX', 'TTllX', 'vvttTTllX', 'TTllllX', 'vvTTllllX', 'jjTTTTllX', 'vvTTTTllX'}","{'vvvvTTllX', 'TTX', 'vvTTllX', 'vvjjTTllX', 'jjTTllllX', 'vvTTTTllX', 'LTTlX', '33jjTTllX', 'jjTTllX', 'jjjjTTllX', '3333TTllX', 'TTTTllllX', 'vvTTlX', 'LLTTllX', '33TTllX', '33LTTllX', 'jjLTTllX', 'vv33TTllX', 'LLLTTllX', 'TTllllllX', 'TTTTTTllX', 'vvLTTllX', 'jjTTlX', 'TTllll', 'TTlX', 'vvTTllllX', 'jjTTTTllX', '33TTTTllX', '33TTllllX', 'LLTTlX', '33TTlX'}",TT,lTTX,llTTX,TT,"['jjLTTllX', 'tbLTTllX', 'tbvvTTllX', 'jjvvTTllX', 'TTllll', 'LTTlX', 'vvvvTTllX', 'tbTTlX', 'jjTTlX', 'LLTTllX', 'tbjjTTllX', 'jjjjTTllX', 'ttbbTTllX', 'vvLTTllX', 'vvTTlX', 'TTX']","['(JJ)LTTllX', '(JJ)vvTTllX', 'LLTTlX', 'TTlX', 'vvvvTTllX', '(JJ)TTlX', 'tbTTTTllX', 'jjllTTllX', 'tbllTTllX', 'jjTTTTllX', 'vvTTlX', '(LL)vvTTllX', 'tbbbTTllX', '33jjTTllX', 'jjjjTTllX', 'tttbTTllX', 'tbTTllX', 'jjTTllX', 'vvLTTllX', 'LLLTTllX', 'vvTTllX']","['(JJ)vvTTllX', 'vvvvTTllX', 'TTllX', 'ttTTTTllX', 'jjllTTllX', 'bbllTTllX', 'bbTTTTllX', 'ttllTTllX', 'jjTTTTllX', '(LL)TTllX', '(LL)vvTTllX', 'ttjjTTllX', 'bbjjTTllX', 'bbbbTTllX', 'ttttTTllX', 'jjjjTTllX', 'ttbbTTllX', '(JJ)TTllX', 'vvTTllX', 'TTllTTllX', 'llllTTllX', 'TTTTTTllX']","['LLTTlX', 'TTllll', 'TTlX', '(LL)vvTTllX', '(JJ)TTllX', 'vvTTllX', 'LLLTTllX', 'TTX', '(JJ)vvTTllX', 'LTTlX', '(JJ)TTlX', '33jjTTllX', 'jjjjTTllX', '3333TTllX', 'vvTTlX', 'TTllTTllX', 'llllTTllX', 'TTTTTTllX', 'jjllTTllX', 'jjTTTTllX', '33TTTTllX', '33llTTllX', '(JJ)LTTllX', 'vvvvTTllX', 'LLTTllX', 'vvLTTllX']"
L L E_3,['G'],"{'tbbbTTlX', 'jjjjTTX', 'jjjjTTlllX', '33jjTTlX', 'bbbbTTllX', '33jjTTllX', 'ttttTTllX', '33jjTTlllX', 'jjjjTTllX', 'tbjjTTX', 'ttbbTTllll', 'ttbbTTX', 'jjjjTTllll', 'ttbbTTllX', 'tttbTTlllX', 'jjjjTTlX', 'tttbTTlX', 'tbbbTTlllX', 'tbjjTTllll'}",-,-,"{'tbbbTTlX', 'jjjjTTX', 'jjjjTTlllX', '33jjTTlX', 'bbbbTTllX', '33jjTTllX', 'ttttTTllX', '33jjTTlllX', 'jjjjTTllX', 'tbjjTTX', 'ttbbTTllll', 'ttbbTTX', 'jjjjTTllll', 'ttbbTTllX', 'tttbTTlllX', 'jjjjTTlX', 'tttbTTlX', 'tbbbTTlllX', 'tbjjTTllll'}",TT,-,-,TT,"['ttbbTTllll', 'jjjjTTllll', 'tbjjTTllll', 'bbbbTTllX', '33jjTTllX', 'ttttTTllX', 'jjjjTTllX', 'ttbbTTllX', 'jjjjTTX', 'tbjjTTX', 'ttbbTTX', 'tbbbTTlX', '33jjTTlX', 'jjjjTTlX', 'tttbTTlX', 'jjjjTTlllX', '33jjTTlllX', 'tttbTTlllX', 'tbbbTTlllX']",-,-,"['ttbbTTllll', 'jjjjTTllll', 'tbjjTTllll', 'bbbbTTllX', '33jjTTllX', 'ttttTTllX', 'jjjjTTllX', 'ttbbTTllX', 'jjjjTTX', 'tbjjTTX', 'ttbbTTX', 'tbbbTTlX', '33jjTTlX', 'jjjjTTlX', 'tttbTTlX', 'jjjjTTlllX', '33jjTTlllX', 'tttbTTlllX', 'tbbbTTlllX']"
L L E_3,"['H^+', 'H^0']","{'vvTTlllX', 'vvTTllX', 'vvTTX', 'vvTTlX', 'vvTTllll'}","{'vvTTlllX', 'vvTTllX', 'vvTTX', 'vvTTlX', 'vvTTllll'}","{'vvTTlllX', 'vvTTllX', 'vvTTX', 'vvTTlX', 'vvTTllll'}","{'vvTTlllX', 'vvTTllX', 'vvTTX', 'vvTTlX', 'vvTTllll'}",vvTT,vvTT,vvTT,vvTT,"['vvTTX', 'vvTTllll', 'vvTTlllX', 'vvTTlX', 'vvTTllX']","['vvTTX', 'vvTTllll', 'vvTTlllX', 'vvTTlX', 'vvTTllX']","['vvTTX', 'vvTTllll', 'vvTTlllX', 'vvTTlX', 'vvTTllX']","['vvTTX', 'vvTTllll', 'vvTTlllX', 'vvTTlX', 'vvTTllX']"
L L E_3,['q'],"{'jjTTlllX', 'jjTTllX', 'jjTTllll', 'jjTTlX', 'jjTTX'}",-,-,"{'jjTTlllX', 'jjTTllX', 'jjTTllll', 'jjTTlX', 'jjTTX'}",jjTT,-,-,jjTT,"['jjTTlllX', 'jjTTlX', 'jjTTX', 'jjTTllX', 'jjTTllll']",-,-,"['jjTTlllX', 'jjTTlX', 'jjTTX', 'jjTTllX', 'jjTTllll']"
L L E_3,['d'],{'jjTTllX'},-,-,{'jjTTllX'},lljjTTX,-,-,lljjTTX,['jjTTllX'],-,-,['jjTTllX']
L L E_3,['u'],{'jjTTllX'},-,-,{'jjTTllX'},lljjTTX,-,-,lljjTTX,['jjTTllX'],-,-,['jjTTllX']
L L E_3,"['l', 'nu']","{'TTllllX', 'TTllX', 'TTX'}","{'TTlllX', 'TTlX'}","{'TTll', 'TTllX'}","{'TTlX', 'TTllllX', 'TTX', 'TTllX', 'TTll', 'TTlllX'}",TTX,lTTX,llTT,TT,"['TTllX', 'TTX', 'TTllllX']","['TTlX', 'TTlllX']","['TTllX', 'TTll']","['TTlllX', 'TTlX', 'TTllX', 'TTllllX', 'TTll', 'TTX']"
L L E_3,['e'],{'TTllllX'},-,-,{'TTllllX'},llllTTX,-,-,llllTTX,['TTllllX'],-,-,['TTllllX']
L L E_3,"['b_L', 't_L']","{'ttTTllX', 'tbTTlX', 'tbTTlllX', 'ttTTllll', 'bbTTllX', 'ttTTX'}","{'ttTTlX', 'tbTTX', 'tbTTllX', 'ttTTlllX', 'bbTTlllX', 'bbTTlX', 'tbTTllll'}","{'ttTTllX', 'bbTTllll', 'tbTTlX', 'tbTTlllX', 'bbTTX', 'bbTTllX'}","{'33TTX', '33TTlllX', '33TTllll', '33TTllX', '33TTlX'}",TT,TT,TT,TT,"['tbTTlllX', 'tbTTlX', 'ttTTX', 'ttTTllX', 'bbTTllX', 'ttTTllll']","['ttTTlllX', 'bbTTlllX', 'ttTTlX', 'bbTTlX', 'tbTTX', 'tbTTllX', 'tbTTllll']","['tbTTlllX', 'tbTTlX', 'bbTTX', 'ttTTllX', 'bbTTllX', 'bbTTllll']","['33TTlllX', '33TTlX', '33TTX', '33TTllX', '33TTllll']"
L L E_3,['t'],{'ttTTllX'},-,-,{'ttTTllX'},llttTTX,-,-,llttTTX,['ttTTllX'],-,-,['ttTTllX']
L L E_3,['b'],{'bbTTllX'},-,-,{'bbTTllX'},llXTTbb,-,-,llXTTbb,['bbTTllX'],-,-,['bbTTllX']
L L E_3,"['tau_L', 'nu_tau']","{'LLTTllX', 'LTTlX', 'TTX'}","{'LLTTlX', 'LTTTlllX', 'LTTX'}","{'TTTTllll', 'LTTTllX', 'LLTTX'}","{'LLTTX', 'LTTTlllX', 'TTX', 'LLTTllX', 'LLTTlX', 'TTTTllll', 'LTTX'}",TTX,TTX,TT,TT,"['LTTlX', 'TTX', 'LLTTllX']","['LTTX', 'LLTTlX', 'LTTTlllX']","['TTTTllll', 'LLTTX', 'LTTTllX']","['LLTTlX', 'TTTTllll', 'LLTTX', 'LTTX', 'LLTTllX', 'LTTTlllX', 'TTX']"
L L E_3,['tau'],"{'TTTTllX', 'TTllX', 'llX'}",-,-,"{'TTTTllX', 'TTllX', 'llX'}",llX,-,-,llX,"['TTllX', 'llX', 'TTTTllX']",-,-,"['TTllX', 'llX', 'TTTTllX']"
L_3 L E_3,['B'],{'LLTTX'},-,-,{'LLTTX'},TTX,-,-,TTX,['LLTTX'],-,-,['LLTTX']
L_3 L E_3,"['W^+', 'W^0']","{'jjLLLTTX', 'vvtbLLTTX', 'ttbbLLTTX', 'vvLLLTTX', 'LLTTX', 'TTX', 'TTTTll', 'vvvvLLTTX', 'tbLLLTTX', 'vvLTTX', 'LLLLTTX', 'vvjjLLTTX', 'jjjjLLTTX', 'jjLTTX', 'tbLTTX', 'tbjjLLTTX'}","{'LLLTTX', 'LTTX', 'jjLLLLTTX', 'LLLLLTTX', 'tbLLLLTTX', 'bbLTTX', 'jjLLTTX', '33jjLLTTX', 'vvvvLLTTX', 'vvLLLLTTX', 'tttbLLTTX', 'bbLLLTTX', 'ttLTTX', 'vvjjLLTTX', 'vv33LLTTX', 'ttLLLTTX', 'vvLLLTTX', 'jjLLLTTX', 'tbLLTTX', 'tbbbLLTTX', 'vvLLTTX', 'vvLTTX', 'jjjjLLTTX', 'jjLTTX'}","{'LLLLLLTTX', 'ttLLLLTTX', 'LLLLTTX', 'vvbbLLTTX', 'bbLLLLTTX', 'ttLLTTX', 'jjLLLLTTX', 'ttttLLTTX', 'jjLLTTX', 'bbjjLLTTX', 'vvvvLLTTX', 'bbbbLLTTX', 'bbLLTTX', 'vvttLLTTX', 'vvLLLLTTX', 'vvjjLLTTX', 'ttjjLLTTX', 'ttbbLLTTX', 'vvLLTTX', 'LLTTX', 'jjjjLLTTX'}","{'TTX', 'LLLLLLTTX', 'LLLTTX', 'LLLLTTX', '33LLTTX', 'LTTX', 'jjLLLLTTX', 'LLLLLTTX', 'jjLLTTX', 'TTTTll', '33jjLLTTX', 'vvvvLLTTX', '33LLLLTTX', 'vvLLLLTTX', 'vvjjLLTTX', 'vv33LLTTX', 'vvLLLTTX', 'jjLLLTTX', '33LTTX', 'vvLLTTX', 'LLTTX', '33LLLTTX', 'vvLTTX', 'jjjjLLTTX', 'jjLTTX', '3333LLTTX'}",TT,TTX,TTX,TT,"['jjLLLTTX', 'tbLLLTTX', 'tbvvLLTTX', 'jjvvLLTTX', 'TTTTll', 'jjLTTX', 'tbLTTX', 'LLTTX', 'vvvvLLTTX', 'LLLLTTX', 'ttbbLLTTX', 'jjjjLLTTX', 'tbjjLLTTX', 'vvLLLTTX', 'vvLTTX', 'TTX']","['(JJ)LLLTTX', '(JJ)vvLLTTX', 'LLLTTX', 'LTTX', '(JJ)LTTX', 'vvvvLLTTX', 'jjLLLLTTX', 'tbLLLLTTX', 'vvLTTX', 'vvLLLLTTX', '33jjLLTTX', 'tttbLLTTX', 'tbbbLLTTX', 'jjjjLLTTX', 'jjLLTTX', 'tbLLTTX', 'vvLLTTX', 'LLLLLTTX', 'vvLLLTTX']","['(JJ)vvLLTTX', 'LLTTX', 'vvvvLLTTX', '(JJ)LLLLTTX', 'LLLLTTX', 'vvLLLLTTX', 'ttttLLTTX', 'bbjjLLTTX', 'bbbbLLTTX', 'ttjjLLTTX', 'ttbbLLTTX', 'jjjjLLTTX', '(JJ)LLTTX', 'vvLLTTX', 'LLLLLLTTX']","['LLLTTX', 'TTTTll', 'LTTX', 'vvLLLLTTX', '(JJ)LLTTX', 'vvLLTTX', 'LLLLLTTX', 'TTX', '(JJ)vvLLTTX', '(JJ)LTTX', 'LLTTX', '33jjLLTTX', 'jjjjLLTTX', '3333LLTTX', 'vvLTTX', 'LLLLLLTTX', '(JJ)LLLLTTX', '(JJ)LLLTTX', 'vvvvLLTTX', 'LLLLTTX', 'vvLLLTTX']"
L_3 L E_3,['G'],"{'tttbLTTX', 'jjjjTTX', 'jjjjTTTTll', 'tbbbLTTX', 'ttttLLTTX', 'tbjjTTTTll', 'tttbLTTTlX', '33jjLTTTlX', 'bbjjLLTTX', 'tbjjTTX', 'bbbbLLTTX', 'jjjjLTTTlX', 'ttbbTTX', 'ttjjLLTTX', 'ttbbTTTTll', 'ttbbLLTTX', 'tbbbLTTTlX', '33jjLTTX', '33jjTTTlX', 'jjjjLLTTX', 'jjjjLTTX'}",-,-,"{'tttbLTTX', 'jjjjTTX', 'jjjjTTTTll', 'tbbbLTTX', 'ttttLLTTX', 'tbjjTTTTll', 'tttbLTTTlX', '33jjLTTTlX', 'bbjjLLTTX', 'tbjjTTX', 'bbbbLLTTX', 'jjjjLTTTlX', 'ttbbTTX', 'ttjjLLTTX', 'ttbbTTTTll', 'ttbbLLTTX', 'tbbbLTTTlX', '33jjLTTX', '33jjTTTlX', 'jjjjLLTTX', 'jjjjLTTX'}",TT,-,-,TT,"['jjjjTTTTll', 'tbjjTTTTll', 'ttbbTTTTll', 'ttttLLTTX', 'bbjjLLTTX', 'bbbbLLTTX', 'ttjjLLTTX', 'ttbbLLTTX', '33jjTlTTX', 'jjjjLLTTX', 'jjjjTTX', 'tbjjTTX', 'ttbbTTX', 'tttbLTTX', 'tbbbLTTX', '33jjLTTX', 'jjjjLTTX', 'tttbLTTTlX', '33jjLTTTlX', 'jjjjLTTTlX', 'tbbbLTTTlX']",-,-,"['jjjjTTTTll', 'tbjjTTTTll', 'ttbbTTTTll', 'ttttLLTTX', 'bbjjLLTTX', 'bbbbLLTTX', 'ttjjLLTTX', 'ttbbLLTTX', '33jjTlTTX', 'jjjjLLTTX', 'jjjjTTX', 'tbjjTTX', 'ttbbTTX', 'tttbLTTX', 'tbbbLTTX', '33jjLTTX', 'jjjjLTTX', 'tttbLTTTlX', '33jjLTTTlX', 'jjjjLTTTlX', 'tbbbLTTTlX']"
L_3 L E_3,"['H^+', 'H^0']","{'vvLLTTX', 'vvLTTTlX', 'vvTTX', 'vvLTTX', 'vvTTTTll'}","{'vvLLTTX', 'vvLTTTlX', 'vvTTX', 'vvLTTX', 'vvTTTTll'}","{'vvLLTTX', 'vvLTTTlX', 'vvTTX', 'vvLTTX', 'vvTTTTll'}","{'vvLLTTX', 'vvLTTTlX', 'vvTTX', 'vvLTTX', 'vvTTTTll'}",vvTT,vvTT,vvTT,vvTT,"['vvTTX', 'vvTTTTll', 'vvLTTX', 'vvLTTTlX', 'vvLLTTX']","['vvTTX', 'vvTTTTll', 'vvLTTX', 'vvLTTTlX', 'vvLLTTX']","['vvTTX', 'vvTTTTll', 'vvLTTX', 'vvLTTTlX', 'vvLLTTX']","['vvTTX', 'vvTTTTll', 'vvLTTX', 'vvLTTTlX', 'vvLLTTX']"
L_3 L E_3,['q'],"{'jjLLTTX', 'jjTTTTll', 'jjLTTTlX', 'jjLTTX', 'jjTTX'}",-,-,"{'jjLLTTX', 'jjTTTTll', 'jjLTTTlX', 'jjLTTX', 'jjTTX'}",jjTT,-,-,jjTT,"['jjLTTTlX', 'jjLTTX', 'jjTTX', 'jjLLTTX', 'jjTTTTll']",-,-,"['jjLTTTlX', 'jjLTTX', 'jjTTX', 'jjLLTTX', 'jjTTTTll']"
L_3 L E_3,['d'],{'jjLLTTX'},-,-,{'jjLLTTX'},jjTTX,-,-,jjTTX,['jjLLTTX'],-,-,['jjLLTTX']
L_3 L E_3,['u'],{'jjLLTTX'},-,-,{'jjLLTTX'},jjTTX,-,-,jjTTX,['jjLLTTX'],-,-,['jjLLTTX']
L_3 L E_3,"['l', 'nu']","{'LLTTllX', 'LTTlX', 'TTX'}","{'LLTTlX', 'LTTTlllX', 'LTTX'}","{'LLTTX', 'TTTTll', 'LTTTllX', 'TTTT', 'TTTTllll'}","{'LLTTX', 'LTTTlllX', 'TTX', 'TTTTll', 'LLTTllX', 'LLTTlX', 'TTTT', 'TTTTllll', 'LTTX'}",TTX,TTX,TT,TT,"['LTTlX', 'TTX', 'LLTTllX']","['LTTX', 'LLTTlX', 'LTTTlllX']","['TTTTll', 'TTTTllll', 'LLTTX', 'LTTTllX', 'TTTT']","['LLTTlX', 'TTTTll', 'TTTTllll', 'LLTTX', 'LTTX', 'LLTTllX', 'TTTT', 'LTTTlllX', 'TTX']"
L_3 L E_3,['e'],{'LLTTllX'},-,-,{'LLTTllX'},llTTX,-,-,llTTX,['LLTTllX'],-,-,['LLTTllX']
L_3 L E_3,"['b_L', 't_L']","{'ttTTTTll', 'tbLTTTlX', 'ttTTTlX', 'ttTTX', 'tbLTTX', 'bbLLTTX'}","{'tbLLTTX', 'ttLTTTlX', 'bbLTTTlX', 'tbTTX', 'bbLTTX', 'ttLTTX', 'tbTTTTll'}","{'bbTTTTll', 'tbLTTTlX', 'bbTTX', 'ttLLTTX', 'tbLTTX', 'bbTTTlX'}","{'33LTTX', '33TTX', '33TTTTll', '33LTTTlX', '33LLTTX'}",TT,TT,TT,TT,"['tbLTTTlX', 'tbLTTX', 'ttTTX', 'ttTlTTX', 'bbLLTTX', 'ttTTTTll']","['ttLTTTlX', 'bbLTTTlX', 'bbLTTX', 'ttLTTX', 'tbTTX', 'tbLLTTX', 'tbTTTTll']","['tbLTTTlX', 'tbLTTX', 'bbTTX', 'ttLLTTX', 'bbTlTTX', 'bbTTTTll']","['33LTTTlX', '33LTTX', '33TTX', '33LLTTX', '33TTTTll']"
L_3 L E_3,['t'],{'ttLLTTX'},-,-,{'ttLLTTX'},ttTTX,-,-,ttTTX,['ttLLTTX'],-,-,['ttLLTTX']
L_3 L E_3,['b'],{'bbLLTTX'},-,-,{'bbLLTTX'},XTTbb,-,-,XTTbb,['bbLLTTX'],-,-,['bbLLTTX']
L_3 L E_3,"['tau_L', 'nu_tau']","{'LTTTX', 'LLTTTTX', 'TTX'}","{'LLTTTX', 'LTTTTTlX', 'LTTX'}","{'LLTTX', 'TTTTll', 'LTTTTlX', 'TTTTTTll', 'TTll'}","{'LLTTTX', 'LTTTTTlX', 'LLTTX', 'TTX', 'TTTTll', 'TTTTTTll', 'TTll', 'LLTTTTX', 'LTTX'}",TTX,TTX,TT,TT,"['LTTTX', 'TTX', 'LLTTTTX']","['LTTX', 'LLTTTX', 'LTTTTTlX']","['TTTTll', 'TTTTTTll', 'LLTTX', 'LTTTTlX', 'TTll']","['LLTTTX', 'TTTTll', 'TTTTTTll', 'LLTTX', 'LTTX', 'LLTTTTX', 'TTll', 'LTTTTTlX', 'TTX']"
L_3 L E_3,['tau'],"{'LLTTTTX', 'LLTTX', 'LLX'}",-,-,"{'LLTTTTX', 'LLTTX', 'LLX'}",X,-,-,X,"['LLTTX', 'LLX', 'LLTTTTX']",-,-,"['LLTTX', 'LLX', 'LLTTTTX']"
